{"_default": {"1": {"image_idx": 0, "RandomOptimizer": [1.8497803211212158, [13, 60]]}, "2": {"image_idx": 1, "RandomOptimizer": [2.6765785217285156, [12, 56]]}, "3": {"image_idx": 2, "RandomOptimizer": [1.9012861251831055, [14, 52]]}, "4": {"image_idx": 3, "RandomOptimizer": [2.5150649547576904, [16, 56]]}, "5": {"image_idx": 4, "RandomOptimizer": [2.46799373626709, [16, 55]]}, "6": {"image_idx": 5, "RandomOptimizer": [2.438849449157715, [16, 62]]}, "7": {"image_idx": 6, "RandomOptimizer": [2.5980401039123535, [14, 54]]}, "8": {"image_idx": 7, "RandomOptimizer": [3.0828006267547607, [16, 57]]}, "9": {"image_idx": 8, "RandomOptimizer": [3.9467990398406982, [14, 55]]}, "10": {"image_idx": 9, "RandomOptimizer": [3.193927764892578, [15, 56]]}}}