{"_default": {"1": {"image_idx": 0, "SimulatedAnnealingOptimizer": [1.659993052482605, [12, 55]]}, "2": {"image_idx": 1, "SimulatedAnnealingOptimizer": [1.9933165311813354, [12, 58]]}, "3": {"image_idx": 2, "SimulatedAnnealingOptimizer": [1.3894866704940796, [66, 48]]}, "4": {"image_idx": 3, "SimulatedAnnealingOptimizer": [1.9802206754684448, [96, 62]]}, "5": {"image_idx": 4, "SimulatedAnnealingOptimizer": [1.6509228944778442, [95, 65]]}, "6": {"image_idx": 5, "SimulatedAnnealingOptimizer": [1.5070592164993286, [91, 62]]}, "7": {"image_idx": 6, "SimulatedAnnealingOptimizer": [1.2149147987365723, [45, 43]]}, "8": {"image_idx": 7, "SimulatedAnnealingOptimizer": [1.268954873085022, [21, 39]]}, "9": {"image_idx": 8, "SimulatedAnnealingOptimizer": [1.3423186540603638, [51, 42]]}, "10": {"image_idx": 9, "SimulatedAnnealingOptimizer": [1.0181978940963745, [15, 56]]}, "11": {"image_idx": 10, "SimulatedAnnealingOptimizer": [1.1421444416046143, [139, 44]]}, "12": {"image_idx": 11, "SimulatedAnnealingOptimizer": [1.969157338142395, [138, 47]]}, "13": {"image_idx": 12, "SimulatedAnnealingOptimizer": [0.811268150806427, [49, 43]]}, "14": {"image_idx": 13, "SimulatedAnnealingOptimizer": [1.228933334350586, [110, 65]]}, "15": {"image_idx": 14, "SimulatedAnnealingOptimizer": [1.6295886039733887, [87, 66]]}, "16": {"image_idx": 15, "SimulatedAnnealingOptimizer": [1.4270075559616089, [144, 69]]}, "17": {"image_idx": 16, "SimulatedAnnealingOptimizer": [1.1768500804901123, [89, 65]]}, "18": {"image_idx": 17, "SimulatedAnnealingOptimizer": [1.8385881185531616, [116, 69]]}, "19": {"image_idx": 18, "SimulatedAnnealingOptimizer": [2.1640779972076416, [113, 69]]}, "20": {"image_idx": 19, "SimulatedAnnealingOptimizer": [2.097712278366089, [22, 73]]}, "21": {"image_idx": 20, "SimulatedAnnealingOptimizer": [1.7286816835403442, [31, 66]]}, "22": {"image_idx": 21, "SimulatedAnnealingOptimizer": [1.5270984172821045, [113, 67]]}, "23": {"image_idx": 22, "SimulatedAnnealingOptimizer": [0.3160379230976105, [86, 69]]}, "24": {"image_idx": 23, "SimulatedAnnealingOptimizer": [0.3051425814628601, [14, 41]]}, "25": {"image_idx": 24, "SimulatedAnnealingOptimizer": [0.24496112763881683, [21, 41]]}, "26": {"image_idx": 25, "SimulatedAnnealingOptimizer": [0.2139415442943573, [18, 33]]}, "27": {"image_idx": 26, "SimulatedAnnealingOptimizer": [0.15120992064476013, [43, 32]]}, "28": {"image_idx": 27, "SimulatedAnnealingOptimizer": [0.2644912600517273, [25, 26]]}, "29": {"image_idx": 28, "SimulatedAnnealingOptimizer": [0.11745589226484299, [26, 43]]}, "30": {"image_idx": 29, "SimulatedAnnealingOptimizer": [0.1474771946668625, [32, 43]]}, "31": {"image_idx": 30, "SimulatedAnnealingOptimizer": [0.19145910441875458, [36, 41]]}, "32": {"image_idx": 31, "SimulatedAnnealingOptimizer": [0.18109877407550812, [36, 35]]}, "33": {"image_idx": 32, "SimulatedAnnealingOptimizer": [0.20104558765888214, [42, 26]]}, "34": {"image_idx": 33, "SimulatedAnnealingOptimizer": [0.27461281418800354, [46, 40]]}, "35": {"image_idx": 34, "SimulatedAnnealingOptimizer": [0.1905648410320282, [50, 81]]}, "36": {"image_idx": 35, "SimulatedAnnealingOptimizer": [0.23973828554153442, [51, 29]]}, "37": {"image_idx": 36, "SimulatedAnnealingOptimizer": [0.1666257381439209, [56, 38]]}, "38": {"image_idx": 37, "SimulatedAnnealingOptimizer": [0.21459756791591644, [65, 23]]}, "39": {"image_idx": 38, "SimulatedAnnealingOptimizer": [0.34437131881713867, [54, 40]]}, "40": {"image_idx": 39, "SimulatedAnnealingOptimizer": [0.43876129388809204, [52, 39]]}, "41": {"image_idx": 40, "SimulatedAnnealingOptimizer": [1.885879635810852, [39, 63]]}, "42": {"image_idx": 41, "SimulatedAnnealingOptimizer": [3.001556873321533, [43, 69]]}, "43": {"image_idx": 42, "SimulatedAnnealingOptimizer": [3.111868381500244, [44, 61]]}, "44": {"image_idx": 43, "SimulatedAnnealingOptimizer": [5.030005931854248, [45, 69]]}, "45": {"image_idx": 44, "SimulatedAnnealingOptimizer": [5.08603572845459, [47, 67]]}, "46": {"image_idx": 45, "SimulatedAnnealingOptimizer": [5.2053046226501465, [49, 67]]}, "47": {"image_idx": 46, "SimulatedAnnealingOptimizer": [4.89128303527832, [48, 66]]}, "48": {"image_idx": 47, "SimulatedAnnealingOptimizer": [4.198526859283447, [48, 55]]}, "49": {"image_idx": 48, "SimulatedAnnealingOptimizer": [3.3464365005493164, [50, 66]]}, "50": {"image_idx": 49, "SimulatedAnnealingOptimizer": [2.5732545852661133, [53, 77]]}, "51": {"image_idx": 50, "SimulatedAnnealingOptimizer": [2.8563804626464844, [49, 68]]}, "52": {"image_idx": 51, "SimulatedAnnealingOptimizer": [1.6056599617004395, [52, 71]]}, "53": {"image_idx": 52, "SimulatedAnnealingOptimizer": [2.0261473655700684, [51, 60]]}, "54": {"image_idx": 53, "SimulatedAnnealingOptimizer": [2.031628131866455, [48, 79]]}, "55": {"image_idx": 54, "SimulatedAnnealingOptimizer": [2.683042049407959, [52, 77]]}, "56": {"image_idx": 55, "SimulatedAnnealingOptimizer": [2.9065349102020264, [49, 77]]}, "57": {"image_idx": 56, "SimulatedAnnealingOptimizer": [3.835350513458252, [48, 61]]}, "58": {"image_idx": 57, "SimulatedAnnealingOptimizer": [3.713695764541626, [50, 56]]}, "59": {"image_idx": 58, "SimulatedAnnealingOptimizer": [3.5677433013916016, [49, 56]]}, "60": {"image_idx": 59, "SimulatedAnnealingOptimizer": [3.3697543144226074, [53, 60]]}, "61": {"image_idx": 60, "SimulatedAnnealingOptimizer": [2.355980396270752, [49, 62]]}, "62": {"image_idx": 61, "SimulatedAnnealingOptimizer": [2.633394241333008, [49, 60]]}, "63": {"image_idx": 62, "SimulatedAnnealingOptimizer": [1.855663537979126, [51, 72]]}, "64": {"image_idx": 63, "SimulatedAnnealingOptimizer": [3.915717601776123, [50, 69]]}, "65": {"image_idx": 64, "SimulatedAnnealingOptimizer": [2.076303243637085, [48, 64]]}, "66": {"image_idx": 65, "SimulatedAnnealingOptimizer": [1.3020061254501343, [46, 60]]}, "67": {"image_idx": 66, "SimulatedAnnealingOptimizer": [1.9129302501678467, [50, 67]]}, "68": {"image_idx": 67, "SimulatedAnnealingOptimizer": [0.4991261959075928, [48, 34]]}, "69": {"image_idx": 68, "SimulatedAnnealingOptimizer": [2.174452781677246, [48, 66]]}, "70": {"image_idx": 69, "SimulatedAnnealingOptimizer": [1.5618656873703003, [45, 61]]}, "71": {"image_idx": 70, "SimulatedAnnealingOptimizer": [1.9800491333007812, [50, 65]]}, "72": {"image_idx": 71, "SimulatedAnnealingOptimizer": [2.2956526279449463, [49, 63]]}, "73": {"image_idx": 72, "SimulatedAnnealingOptimizer": [2.4594476222991943, [51, 61]]}, "74": {"image_idx": 73, "SimulatedAnnealingOptimizer": [2.0560264587402344, [47, 61]]}, "75": {"image_idx": 74, "SimulatedAnnealingOptimizer": [1.6850252151489258, [49, 65]]}, "76": {"image_idx": 75, "SimulatedAnnealingOptimizer": [1.223515272140503, [45, 63]]}, "77": {"image_idx": 76, "SimulatedAnnealingOptimizer": [0.5378325581550598, [43, 64]]}, "78": {"image_idx": 77, "SimulatedAnnealingOptimizer": [1.7110611200332642, [43, 69]]}, "79": {"image_idx": 78, "SimulatedAnnealingOptimizer": [0.9429580569267273, [42, 49]]}, "80": {"image_idx": 79, "SimulatedAnnealingOptimizer": [0.44748538732528687, [18, 34]]}, "81": {"image_idx": 80, "SimulatedAnnealingOptimizer": [0.370748370885849, [23, 36]]}, "82": {"image_idx": 81, "SimulatedAnnealingOptimizer": [0.34961339831352234, [20, 37]]}, "83": {"image_idx": 82, "SimulatedAnnealingOptimizer": [0.3460621237754822, [32, 78]]}, "84": {"image_idx": 83, "SimulatedAnnealingOptimizer": [0.22218158841133118, [31, 45]]}, "85": {"image_idx": 84, "SimulatedAnnealingOptimizer": [0.8104234337806702, [37, 69]]}, "86": {"image_idx": 85, "SimulatedAnnealingOptimizer": [0.504734456539154, [37, 69]]}, "87": {"image_idx": 86, "SimulatedAnnealingOptimizer": [0.1780797690153122, [30, 34]]}, "88": {"image_idx": 87, "SimulatedAnnealingOptimizer": [0.17794129252433777, [39, 33]]}, "89": {"image_idx": 88, "SimulatedAnnealingOptimizer": [0.24334800243377686, [40, 26]]}, "90": {"image_idx": 89, "SimulatedAnnealingOptimizer": [0.3023948073387146, [42, 41]]}, "91": {"image_idx": 90, "SimulatedAnnealingOptimizer": [0.29530197381973267, [45, 30]]},