{"_default": {"1": {"image_idx": 0, "GeneticOptimizer": [-0.011137614957988262, [90, 48]]}, "2": {"image_idx": 1, "GeneticOptimizer": [-0.0015272487653419375, [90, 41]]}, "3": {"image_idx": 2, "GeneticOptimizer": [-0.15645188093185425, [68, 46]]}, "4": {"image_idx": 3, "GeneticOptimizer": [-0.0022459449246525764, [76, 45]]}, "5": {"image_idx": 4, "GeneticOptimizer": [-0.007326791528612375, [76, 34]]}, "6": {"image_idx": 5, "GeneticOptimizer": [-0.0006228681886568666, [86, 39]]}}}